stage,channel_index_0based,wavelength_nm_approx,mean_pseudo_absorbance,sd_pseudo_absorbance,n
0,0,950.0,0.2085196077823639,0.03829659894108772,2242
0,1,953.448275862069,0.2086859494447708,0.03821186721324921,2242
0,2,956.8965517241379,0.20875389873981476,0.03808025270700455,2242
0,3,960.3448275862069,0.2088584303855896,0.03802551329135895,2242
0,4,963.7931034482758,0.20862235128879547,0.03793163225054741,2242
0,5,967.2413793103449,0.2082396298646927,0.03783247247338295,2242
0,6,970.6896551724138,0.20762160420417786,0.0377601757645607,2242
0,7,974.1379310344828,0.20690539479255676,0.0377097949385643,2242
0,8,977.5862068965517,0.206023171544075,0.03764602914452553,2242
0,9,981.0344827586207,0.2050577849149704,0.0376054085791111,2242
0,10,984.4827586206897,0.2039601355791092,0.03751915320754051,2242
0,11,987.9310344827586,0.20286677777767181,0.037453390657901764,2242
0,12,991.3793103448276,0.2016882598400116,0.03740557283163071,2242
0,13,994.8275862068965,0.20045112073421478,0.0373336561024189,2242
0,14,998.2758620689655,0.19917501509189606,0.03724190220236778,2242
0,15,1001.7241379310344,0.19791077077388763,0.03716161847114563,2242
0,16,1005.1724137931035,0.19664761424064636,0.03711099550127983,2242
0,17,1008.6206896551724,0.19543302059173584,0.037064630538225174,2242
0,18,1012.0689655172414,0.19413042068481445,0.03699669986963272,2242
0,19,1015.5172413793103,0.19292467832565308,0.03694457560777664,2242
0,20,1018.9655172413793,0.19179995357990265,0.03691134229302406,2242
0,21,1022.4137931034483,0.1906251758337021,0.036865025758743286,2242
0,22,1025.8620689655172,0.1894892454147339,0.03679397329688072,2242
0,23,1029.3103448275863,0.18835119903087616,0.03672705963253975,2242
0,24,1032.7586206896551,0.18725308775901794,0.0366658978164196,2242
0,25,1036.2068965517242,0.18616266548633575,0.03660666197538376,2242
0,26,1039.655172413793,0.18516217172145844,0.0365784578025341,2242
0,27,1043.103448275862,0.1840926557779312,0.03651333600282669,2242
0,28,1046.551724137931,0.18306300044059753,0.03647034242749214,2242
0,29,1050.0,0.18202908337116241,0.036397796124219894,2242
0,30,1053.4482758620688,0.18106825649738312,0.036353953182697296,2242
0,31,1056.896551724138,0.18010663986206055,0.03627454489469528,2242
0,32,1060.344827586207,0.1792091429233551,0.03620317578315735,2242
0,33,1063.7931034482758,0.17832191288471222,0.03613295406103134,2242
0,34,1067.2413793103449,0.17755916714668274,0.03607587516307831,2242
0,35,1070.6896551724137,0.1767919361591339,0.03601544722914696,2242
0,36,1074.1379310344828,0.1761438548564911,0.03598415106534958,2242
0,37,1077.5862068965516,0.17548803985118866,0.03590616583824158,2242
0,38,1081.0344827586207,0.17495597898960114,0.0358508825302124,2242
0,39,1084.4827586206898,0.17444267868995667,0.03579552099108696,2242
0,40,1087.9310344827586,0.17395490407943726,0.03577132150530815,2242
0,41,1091.3793103448277,0.17348963022232056,0.03569746017456055,2242
0,42,1094.8275862068965,0.1732148677110672,0.03564593568444252,2242
0,43,1098.2758620689656,0.1729796826839447,0.03561677783727646,2242
0,44,1101.7241379310344,0.172978937625885,0.03561144322156906,2242
0,45,1105.1724137931035,0.1731494963169098,0.03553719446063042,2242
0,46,1108.6206896551723,0.17384876310825348,0.035524722188711166,2242
0,47,1112.0689655172414,0.1750549077987671,0.03548149764537811,2242
0,48,1115.5172413793102,0.17692749202251434,0.03548380360007286,2242
0,49,1118.9655172413793,0.17919886112213135,0.035470448434352875,2242
0,50,1122.4137931034484,0.1819545477628708,0.035527586936950684,2242
0,51,1125.8620689655172,0.1850283443927765,0.03555413335561752,2242
0,52,1129.3103448275863,0.188445582985878,0.03558916226029396,2242
0,53,1132.7586206896551,0.19179821014404297,0.03563676401972771,2242
0,54,1136.2068965517242,0.1951090693473816,0.03577227145433426,2242
0,55,1139.655172413793,0.19803836941719055,0.035882845520973206,2242
0,56,1143.103448275862,0.20057037472724915,0.036041438579559326,2242
0,57,1146.551724137931,0.20274534821510315,0.03620529547333717,2242
0,58,1150.0,0.20460118353366852,0.03635326400399208,2242
0,59,1153.4482758620688,0.20630373060703278,0.03647894039750099,2242
0,60,1156.896551724138,0.20801551640033722,0.0366220586001873,2242
0,61,1160.344827586207,0.20964115858078003,0.0367322601377964,2242
0,62,1163.7931034482758,0.21141625940799713,0.03693024441599846,2242
0,63,1167.2413793103449,0.21280325949192047,0.037017419934272766,2242
0,64,1170.6896551724137,0.21389231085777283,0.037137869745492935,2242
0,65,1174.1379310344828,0.21445786952972412,0.03718240186572075,2242
0,66,1177.5862068965516,0.21470960974693298,0.03721966966986656,2242
0,67,1181.0344827586207,0.21453896164894104,0.037188079208135605,2242
0,68,1184.4827586206898,0.21406389772891998,0.037134382873773575,2242
0,69,1187.9310344827586,0.21307902038097382,0.03700459748506546,2242
0,70,1191.3793103448274,0.211745023727417,0.03684983029961586,2242
0,71,1194.8275862068965,0.20990169048309326,0.03671613335609436,2242
0,72,1198.2758620689656,0.20779725909233093,0.03652651980519295,2242
0,73,1201.7241379310344,0.20542047917842865,0.03633503615856171,2242
0,74,1205.1724137931035,0.2032296508550644,0.03615085408091545,2242
0,75,1208.6206896551723,0.2010200023651123,0.03598745912313461,2242
0,76,1212.0689655172414,0.19907258450984955,0.03588022291660309,2242
0,77,1215.5172413793102,0.1971372663974762,0.0357193648815155,2242
0,78,1218.9655172413793,0.19558845460414886,0.03567158430814743,2242
0,79,1222.4137931034484,0.1940719038248062,0.03560514748096466,2242
0,80,1225.8620689655172,0.1928682029247284,0.035532146692276,2242
0,81,1229.310344827586,0.19170065224170685,0.035482149571180344,2242
0,82,1232.7586206896551,0.19067806005477905,0.035417623817920685,2242
0,83,1236.2068965517242,0.18970026075839996,0.035364408046007156,2242
0,84,1239.655172413793,0.18888433277606964,0.03530207648873329,2242
0,85,1243.103448275862,0.1879926472902298,0.03526011109352112,2242
0,86,1246.551724137931,0.18722210824489594,0.03523654490709305,2242
0,87,1250.0,0.1862691342830658,0.035192131996154785,2242
0,88,1253.4482758620688,0.18547695875167847,0.035142675042152405,2242
0,89,1256.896551724138,0.18447968363761902,0.035031892359256744,2242
0,90,1260.344827586207,0.18362605571746826,0.03499935567378998,2242
0,91,1263.7931034482758,0.18263038992881775,0.03495481610298157,2242
0,92,1267.2413793103449,0.18189948797225952,0.03492153808474541,2242
0,93,1270.6896551724137,0.18129849433898926,0.034842368215322495,2242
0,94,1274.1379310344828,0.18085375428199768,0.03476523980498314,2242
0,95,1277.5862068965516,0.1805422306060791,0.0347377248108387,2242
0,96,1281.0344827586207,0.18047122657299042,0.03470684587955475,2242
0,97,1284.4827586206898,0.1806260198354721,0.03470059856772423,2242
0,98,1287.9310344827586,0.18108965456485748,0.03468718007206917,2242
0,99,1291.3793103448274,0.18176913261413574,0.03470993787050247,2242
0,100,1294.8275862068965,0.18280969560146332,0.03476457670331001,2242
0,101,1298.2758620689656,0.18413321673870087,0.03482911363244057,2242
0,102,1301.7241379310344,0.18584930896759033,0.03492468222975731,2242
0,103,1305.1724137931035,0.18803814053535461,0.03506831079721451,2242
0,104,1308.6206896551723,0.1905374974012375,0.035199593752622604,2242
0,105,1312.0689655172414,0.19316869974136353,0.03535021096467972,2242
0,106,1315.5172413793102,0.19606103003025055,0.03556583449244499,2242
0,107,1318.9655172413793,0.1992059350013733,0.03582001477479935,2242
0,108,1322.4137931034484,0.20236392319202423,0.03605213388800621,2242
0,109,1325.8620689655172,0.20543432235717773,0.0362812839448452,2242
0,110,1329.310344827586,0.20844592154026031,0.036524370312690735,2242
0,111,1332.7586206896551,0.21139533817768097,0.03678504005074501,2242
0,112,1336.2068965517242,0.2143959254026413,0.037052594125270844,2242
0,113,1339.655172413793,0.2169896513223648,0.037249356508255005,2242
0,114,1343.103448275862,0.2194068282842636,0.037498775869607925,2242
0,115,1346.551724137931,0.22157429158687592,0.03771813213825226,2242
0,116,1350.0,0.2238791137933731,0.03797454759478569,2242
0,117,1353.4482758620688,0.22633472084999084,0.03818977251648903,2242
0,118,1356.896551724138,0.2295825183391571,0.03848632425069809,2242
0,119,1360.344827586207,0.2336844950914383,0.03885386884212494,2242
0,120,1363.7931034482758,0.239082470536232,0.03927703574299812,2242
0,121,1367.2413793103449,0.24529914557933807,0.03982831537723541,2242
0,122,1370.6896551724137,0.2525598108768463,0.04047321528196335,2242
0,123,1374.1379310344828,0.2605670988559723,0.041225895285606384,2242
0,124,1377.5862068965516,0.26941946148872375,0.04212634265422821,2242
0,125,1381.0344827586207,0.27862805128097534,0.04309399053454399,2242
0,126,1384.4827586206898,0.2880144715309143,0.04412255808711052,2242
0,127,1387.9310344827586,0.2971462905406952,0.045100562274456024,2242
0,128,1391.3793103448274,0.30585813522338867,0.04604792967438698,2242
0,129,1394.8275862068965,0.31368589401245117,0.046879298985004425,2242
0,130,1398.2758620689656,0.32085222005844116,0.04764046519994736,2242
0,131,1401.7241379310344,0.3268905282020569,0.04828021302819252,2242
0,132,1405.1724137931035,0.33169180154800415,0.04878702014684677,2242
0,133,1408.6206896551723,0.33546096086502075,0.04930047318339348,2242
0,134,1412.0689655172414,0.33829379081726074,0.04971405491232872,2242
0,135,1415.5172413793102,0.34013456106185913,0.050021931529045105,2242
0,136,1418.9655172413793,0.34155070781707764,0.050279781222343445,2242
0,137,1422.4137931034484,0.3422887325286865,0.05047483742237091,2242
0,138,1425.8620689655172,0.34297022223472595,0.05064002797007561,2242
0,139,1429.310344827586,0.34319213032722473,0.05071747303009033,2242
0,140,1432.7586206896551,0.34330472350120544,0.050790973007678986,2242
0,141,1436.2068965517242,0.34323155879974365,0.05081094428896904,2242
0,142,1439.655172413793,0.34298670291900635,0.05086560919880867,2242
0,143,1443.103448275862,0.3421860933303833,0.0508478544652462,2242
0,144,1446.551724137931,0.34125882387161255,0.05086429417133331,2242
0,145,1450.0,0.33989161252975464,0.05085262283682823,2242
0,146,1453.4482758620688,0.33848705887794495,0.05081930756568909,2242
0,147,1456.896551724138,0.336868017911911,0.05081748589873314,2242
0,148,1460.344827586207,0.33512210845947266,0.05073552578687668,2242
0,149,1463.7931034482758,0.33335602283477783,0.050701577216386795,2242
0,150,1467.2413793103447,0.3314671516418457,0.05061325058341026,2242
0,151,1470.6896551724137,0.3294506371021271,0.05048734322190285,2242
0,152,1474.1379310344828,0.3275504410266876,0.05041192099452019,2242
0,153,1477.5862068965516,0.3255666494369507,0.050311438739299774,2242
0,154,1481.0344827586207,0.3235718607902527,0.050232745707035065,2242
0,155,1484.4827586206898,0.321429580450058,0.050104305148124695,2242
0,156,1487.9310344827586,0.3196733593940735,0.05004626512527466,2242
0,157,1491.3793103448274,0.3177343010902405,0.04993142932653427,2242
0,158,1494.8275862068965,0.3160974085330963,0.04987566918134689,2242
0,159,1498.2758620689656,0.3145262598991394,0.04979335144162178,2242
0,160,1501.7241379310344,0.3132649064064026,0.04974038898944855,2242
0,161,1505.1724137931033,0.31193336844444275,0.049626268446445465,2242
0,162,1508.6206896551723,0.3109486699104309,0.049587517976760864,2242
0,163,1512.0689655172414,0.30998560786247253,0.04949921369552612,2242
0,164,1515.5172413793102,0.30909058451652527,0.04944232478737831,2242
0,165,1518.9655172413793,0.30799752473831177,0.049335137009620667,2242
0,166,1522.4137931034484,0.30731335282325745,0.0493241585791111,2242
0,167,1525.8620689655172,0.3062751591205597,0.049243126064538956,2242
0,168,1529.310344827586,0.3055691421031952,0.04925474151968956,2242
0,169,1532.7586206896551,0.3047005534172058,0.04922096058726311,2242
0,170,1536.2068965517242,0.30397897958755493,0.049192216247320175,2242
0,171,1539.655172413793,0.30310937762260437,0.04915062338113785,2242
0,172,1543.1034482758619,0.3023843765258789,0.04909253120422363,2242
0,173,1546.5517241379312,0.30148378014564514,0.049037329852581024,2242
0,174,1550.0,0.3004576861858368,0.048910774290561676,2242
0,175,1553.4482758620688,0.2992130517959595,0.048783235251903534,2242
0,176,1556.896551724138,0.2980092763900757,0.04865509644150734,2242
0,177,1560.344827586207,0.29628461599349976,0.04847780987620354,2242
0,178,1563.7931034482758,0.2947464883327484,0.048347800970077515,2242
0,179,1567.2413793103447,0.29288816452026367,0.048139434307813644,2242
0,180,1570.6896551724137,0.29101690649986267,0.04797190800309181,2242
0,181,1574.1379310344828,0.28905418515205383,0.047738753259181976,2242
0,182,1577.5862068965516,0.28716322779655457,0.0475451834499836,2242
0,183,1581.0344827586207,0.285146027803421,0.047305669635534286,2242
0,184,1584.4827586206898,0.2833231985569,0.04711095243692398,2242
0,185,1587.9310344827586,0.2819521427154541,0.04704131931066513,2242
0,186,1591.3793103448274,0.28000006079673767,0.046727851033210754,2242
0,187,1594.8275862068965,0.27812498807907104,0.04644430801272392,2242
0,188,1598.2758620689656,0.27654170989990234,0.04621806740760803,2242
0,189,1601.7241379310344,0.2751050293445587,0.04601811245083809,2242
0,190,1605.1724137931033,0.27384594082832336,0.04577904939651489,2242
0,191,1608.6206896551723,0.27274811267852783,0.04555162042379379,2242
0,192,1612.0689655172414,0.27184760570526123,0.04539183899760246,2242
0,193,1615.5172413793102,0.27104631066322327,0.045138515532016754,2242
0,194,1618.9655172413793,0.27067843079566956,0.04499625042080879,2242
0,195,1622.4137931034484,0.27033042907714844,0.04475666955113411,2242
0,196,1625.8620689655172,0.270532488822937,0.04462093859910965,2242
0,197,1629.310344827586,0.2707875072956085,0.04450095817446709,2242
0,198,1632.7586206896551,0.2714619040489197,0.04436759278178215,2242
0,199,1636.2068965517242,0.27228549122810364,0.04435112327337265,2242
0,200,1639.655172413793,0.2738022804260254,0.04436328262090683,2242
0,201,1643.1034482758619,0.27597668766975403,0.04449544474482536,2242
0,202,1646.5517241379312,0.2792966961860657,0.044702544808387756,2242
0,203,1650.0,0.28388381004333496,0.044956617057323456,2242
1,0,950.0,0.2886117100715637,0.06309617310762405,2242
1,1,953.448275862069,0.2890647351741791,0.06324249505996704,2242
1,2,956.8965517241379,0.2892288267612457,0.06327277421951294,2242
1,3,960.3448275862069,0.28930166363716125,0.06334857642650604,2242
1,4,963.7931034482758,0.28884637355804443,0.06328625231981277,2242
1,5,967.2413793103449,0.28814294934272766,0.06317062675952911,2242
1,6,970.6896551724138,0.28706037998199463,0.06302881985902786,2242
1,7,974.1379310344828,0.28583982586860657,0.06288226693868637,2242
1,8,977.5862068965517,0.2843446135520935,0.06267762184143066,2242
1,9,981.0344827586207,0.28272467851638794,0.06246279180049896,2242
1,10,984.4827586206897,0.2809203267097473,0.062184326350688934,2242
1,11,987.9310344827586,0.27908986806869507,0.06191760674118996,2242
1,12,991.3793103448276,0.2771611511707306,0.06165482848882675,2242
1,13,994.8275862068965,0.2751605212688446,0.061350710690021515,2242
1,14,998.2758620689655,0.27310284972190857,0.061032265424728394,2242
1,15,1001.7241379310344,0.27109163999557495,0.06073789671063423,2242
1,16,1005.1724137931035,0.2690756916999817,0.060464296489953995,2242
1,17,1008.6206896551724,0.26715266704559326,0.06021624431014061,2242
1,18,1012.0689655172414,0.26516756415367126,0.059942033141851425,2242
1,19,1015.5172413793103,0.2633330225944519,0.05970553681254387,2242
1,20,1018.9655172413793,0.26168376207351685,0.059520501643419266,2242
1,21,1022.4137931034483,0.2600059509277344,0.05933332443237305,2242
1,22,1025.8620689655172,0.25842732191085815,0.05913228169083595,2242
1,23,1029.3103448275863,0.2568895220756531,0.058946117758750916,2242
1,24,1032.7586206896551,0.2554742395877838,0.058799173682928085,2242
1,25,1036.2068965517242,0.25416886806488037,0.05867227166891098,2242
1,26,1039.655172413793,0.25306186079978943,0.058618079870939255,2242
1,27,1043.103448275862,0.25191688537597656,0.0585332065820694,2242
1,28,1046.551724137931,0.25088736414909363,0.058484118431806564,2242
1,29,1050.0,0.2499263882637024,0.058419473469257355,2242
1,30,1053.4482758620688,0.24911509454250336,0.05841374397277832,2242
1,31,1056.896551724138,0.24837298691272736,0.05839125066995621,2242
1,32,1060.344827586207,0.24776394665241241,0.05840687453746796,2242
1,33,1063.7931034482758,0.24723784625530243,0.05842028930783272,2242
1,34,1067.2413793103449,0.2469276636838913,0.05848008394241333,2242
1,35,1070.6896551724137,0.2466619908809662,0.05854876711964607,2242
1,36,1074.1379310344828,0.24658973515033722,0.05866718292236328,2242
1,37,1077.5862068965516,0.24653659760951996,0.05874821916222572,2242
1,38,1081.0344827586207,0.24667832255363464,0.05887594446539879,2242
1,39,1084.4827586206898,0.2468317598104477,0.05900474265217781,2242
1,40,1087.9310344827586,0.24704088270664215,0.059158019721508026,2242
1,41,1091.3793103448277,0.24721920490264893,0.059270069003105164,2242
1,42,1094.8275862068965,0.24767178297042847,0.05942939966917038,2242
1,43,1098.2758620689656,0.24823498725891113,0.05964145436882973,2242
1,44,1101.7241379310344,0.24926863610744476,0.059951987117528915,2242
1,45,1105.1724137931035,0.25072911381721497,0.060289204120635986,2242
1,46,1108.6206896551723,0.2533590495586395,0.060917675495147705,2242
1,47,1112.0689655172414,0.2573127746582031,0.06179598718881607,2242
1,48,1115.5172413793102,0.2630465626716614,0.06312542408704758,2242
1,49,1118.9655172413793,0.2699567973613739,0.06480889022350311,2242
1,50,1122.4137931034484,0.2779548466205597,0.06681973487138748,2242
1,51,1125.8620689655172,0.28629815578460693,0.06892871856689453,2242
1,52,1129.3103448275863,0.2944793403148651,0.07094737142324448,2242
1,53,1132.7586206896551,0.30153894424438477,0.07266371697187424,2242
1,54,1136.2068965517242,0.3075196444988251,0.07413077354431152,2242
1,55,1139.655172413793,0.31218621134757996,0.075223408639431,2242
1,56,1143.103448275862,0.31589722633361816,0.0761597752571106,2242
1,57,1146.551724137931,0.31889569759368896,0.07691655308008194,2242
1,58,1150.0,0.3213747441768646,0.07757934182882309,2242
1,59,1153.4482758620688,0.3235989511013031,0.07817580550909042,2242
1,60,1156.896551724138,0.3257844150066376,0.07877424359321594,2242
1,61,1160.344827586207,0.32784855365753174,0.07931956648826599,2242
1,62,1163.7931034482758,0.3302393853664398,0.08003094792366028,2242
1,63,1167.2413793103449,0.3321194648742676,0.08055362105369568,2242
1,64,1170.6896551724137,0.3336687684059143,0.08105120062828064,2242
1,65,1174.1379310344828,0.3344394862651825,0.08131277561187744,2242
1,66,1177.5862068965516,0.3347632884979248,0.08147474378347397,2242
1,67,1181.0344827586207,0.3343983292579651,0.08140217512845993,2242
1,68,1184.4827586206898,0.33358970284461975,0.0812343880534172,2242
1,69,1187.9310344827586,0.33203864097595215,0.08084844052791595,2242
1,70,1191.3793103448274,0.3301367461681366,0.08038142323493958,2242
1,71,1194.8275862068965,0.32762381434440613,0.07982251793146133,2242
1,72,1198.2758620689656,0.3249456584453583,0.07921171188354492,2242
1,73,1201.7241379310344,0.32197046279907227,0.07856887578964233,2242
1,74,1205.1724137931035,0.31939634680747986,0.07801366597414017,2242
1,75,1208.6206896551723,0.3167414367198944,0.07747980952262878,2242
1,76,1212.0689655172414,0.3144771158695221,0.07703693211078644,2242
1,77,1215.5172413793102,0.3121398687362671,0.07657264173030853,2242
1,78,1218.9655172413793,0.3103429675102234,0.0762663334608078,2242
1,79,1222.4137931034484,0.3084941804409027,0.07592635601758957,2242
1,80,1225.8620689655172,0.3070957660675049,0.0756777673959732,2242
1,81,1229.310344827586,0.3056376874446869,0.0754229947924614,2242
1,82,1232.7586206896551,0.3044279217720032,0.07520529627799988,2242
1,83,1236.2068965517242,0.30329015851020813,0.0750223696231842,2242
1,84,1239.655172413793,0.3024536669254303,0.0749131590127945,2242
1,85,1243.103448275862,0.30156174302101135,0.07481809705495834,2242
1,86,1246.551724137931,0.30100083351135254,0.07483918964862823,2242
1,87,1250.0,0.3003024160861969,0.07484602928161621,2242
1,88,1253.4482758620688,0.300047904253006,0.07496556639671326,2242
1,89,1256.896551724138,0.2997094392776489,0.07506239414215088,2242
1,90,1260.344827586207,0.2998499870300293,0.07532942295074463,2242
1,91,1263.7931034482758,0.29995959997177124,0.07563719153404236,2242
1,92,1267.2413793103449,0.3006398677825928,0.0761001780629158,2242
1,93,1270.6896551724137,0.30163413286209106,0.07658562064170837,2242
1,94,1274.1379310344828,0.3030317425727844,0.07722330093383789,2242
1,95,1277.5862068965516,0.304745078086853,0.07796099781990051,2242
1,96,1281.0344827586207,0.30704882740974426,0.078903429210186,2242
1,97,1284.4827586206898,0.3098461627960205,0.07999575138092041,2242
1,98,1287.9310344827586,0.31333306431770325,0.08129338920116425,2242
1,99,1291.3793103448274,0.3173025846481323,0.08276776224374771,2242
1,100,1294.8275862068965,0.32204365730285645,0.08449728786945343,2242
1,101,1298.2758620689656,0.3272840678691864,0.0864083468914032,2242
1,102,1301.7241379310344,0.3332137167453766,0.08853886276483536,2242
1,103,1305.1724137931035,0.3398488759994507,0.09090374410152435,2242
1,104,1308.6206896551723,0.34685689210891724,0.09337209165096283,2242
1,105,1312.0689655172414,0.3538813292980194,0.09590153396129608,2242
1,106,1315.5172413793102,0.36112555861473083,0.098546601831913,2242
1,107,1318.9655172413793,0.36831456422805786,0.10113188624382019,2242
1,108,1322.4137931034484,0.3752678632736206,0.10366030037403107,2242
1,109,1325.8620689655172,0.3817178010940552,0.10604635626077652,2242
1,110,1329.310344827586,0.38786497712135315,0.10832260549068451,2242
1,111,1332.7586206896551,0.39391225576400757,0.11061558872461319,2242
1,112,1336.2068965517242,0.4003087282180786,0.11304018646478653,2242
1,113,1339.655172413793,0.4066314697265625,0.11561112850904465,2242
1,114,1343.103448275862,0.4137788712978363,0.11870919167995453,2242
1,115,1346.551724137931,0.4220036268234253,0.12247210741043091,2242
1,116,1350.0,0.43246543407440186,0.12734733521938324,2242
1,117,1353.4482758620688,0.4454804062843323,0.13352297246456146,2242
1,118,1356.896551724138,0.46240413188934326,0.14156140387058258,2242
1,119,1360.344827586207,0.4830666482448578,0.1514689326286316,2242
1,120,1363.7931034482758,0.5077435374259949,0.16317786276340485,2242
1,121,1367.2413793103449,0.5350547432899475,0.17612431943416595,2242
1,122,1370.6896551724137,0.5643163919448853,0.1898263543844223,2242
1,123,1374.1379310344828,0.5934321284294128,0.20326215028762817,2242
1,124,1377.5862068965516,0.6214625835418701,0.21572060883045197,2242
1,125,1381.0344827586207,0.6468852758407593,0.2265508472919464,2242
1,126,1384.4827586206898,0.6691926717758179,0.2355213612318039,2242
1,127,1387.9310344827586,0.6880738139152527,0.24264025688171387,2242
1,128,1391.3793103448274,0.7040226459503174,0.2482796460390091,2242
1,129,1394.8275862068965,0.7168356776237488,0.25252261757850647,2242
1,130,1398.2758620689656,0.727929949760437,0.25605788826942444,2242
1,131,1401.7241379310344,0.7368444800376892,0.2588261365890503,2242
1,132,1405.1724137931035,0.7438571453094482,0.26096656918525696,2242
1,133,1408.6206896551723,0.7492546439170837,0.26260486245155334,2242
1,134,1412.0689655172414,0.7535543441772461,0.263954222202301,2242
1,135,1415.5172413793102,0.7562875747680664,0.2648881673812866,2242
1,136,1418.9655172413793,0.7584483623504639,0.26558175683021545,2242
1,137,1422.4137931034484,0.7593737840652466,0.26593121886253357,2242
1,138,1425.8620689655172,0.7602823376655579,0.2662350535392761,2242
1,139,1429.310344827586,0.7600226402282715,0.2661263346672058,2242
1,140,1432.7586206896551,0.7591643929481506,0.26564639806747437,2242
1,141,1436.2068965517242,0.7576038837432861,0.26488643884658813,2242
1,142,1439.655172413793,0.7551511526107788,0.26367273926734924,2242
1,143,1443.103448275862,0.7512227296829224,0.26197823882102966,2242
1,144,1446.551724137931,0.7467566132545471,0.2600404918193817,2242
1,145,1450.0,0.7413352727890015,0.25781500339508057,2242
1,146,1453.4482758620688,0.7357067465782166,0.25545403361320496,2242
1,147,1456.896551724138,0.7295069694519043,0.2529342770576477,2242
1,148,1460.344827586207,0.7230335474014282,0.2502192556858063,2242
1,149,1463.7931034482758,0.7164393067359924,0.2474803328514099,2242
1,150,1467.2413793103447,0.709662675857544,0.24463728070259094,2242
1,151,1470.6896551724137,0.7025998830795288,0.24167075753211975,2242
1,152,1474.1379310344828,0.6958247423171997,0.23875874280929565,2242
1,153,1477.5862068965516,0.6889654397964478,0.23580843210220337,2242
1,154,1481.0344827586207,0.6820605993270874,0.2328760176897049,2242
1,155,1484.4827586206898,0.6750064492225647,0.2298618108034134,2242
1,156,1487.9310344827586,0.6687009930610657,0.22709357738494873,2242
1,157,1491.3793103448274,0.6620995998382568,0.22418881952762604,2242
1,158,1494.8275862068965,0.6559803485870361,0.22143317759037018,2242
1,159,1498.2758620689656,0.6499483585357666,0.21869423985481262,2242
1,160,1501.7241379310344,0.6444481015205383,0.21613666415214539,2242
1,161,1505.1724137931033,0.6387874484062195,0.2134747952222824,2242
1,162,1508.6206896551723,0.6336992979049683,0.21099452674388885,2242
1,163,1512.0689655172414,0.6287986636161804,0.20861196517944336,2242
1,164,1515.5172413793102,0.6239933371543884,0.20627498626708984,2242
1,165,1518.9655172413793,0.6189728379249573,0.20392370223999023,2242
1,166,1522.4137931034484,0.6147739291191101,0.20184679329395294,2242
1,167,1525.8620689655172,0.6101434826850891,0.19968019425868988,2242
1,168,1529.310344827586,0.6061522960662842,0.19773146510124207,2242
1,169,1532.7586206896551,0.6020360589027405,0.19580483436584473,2242
1,170,1536.2068965517242,0.5983425974845886,0.19402195513248444,2242
1,171,1539.655172413793,0.5943969488143921,0.19218221306800842,2242
1,172,1543.1034482758619,0.590972900390625,0.19050630927085876,2242
1,173,1546.5517241379312,0.587353527545929,0.18881332874298096,2242
1,174,1550.0,0.5837134122848511,0.1871122121810913,2242
1,175,1553.4482758620688,0.5798528790473938,0.185423344373703,2242
1,176,1556.896551724138,0.5763634443283081,0.18384788930416107,2242
1,177,1560.344827586207,0.5721679925918579,0.1821414828300476,2242
1,178,1563.7931034482758,0.5686312913894653,0.18063409626483917,2242
1,179,1567.2413793103447,0.5646577477455139,0.17908653616905212,2242
1,180,1570.6896551724137,0.5608194470405579,0.17756401002407074,2242
1,181,1574.1379310344828,0.5569313168525696,0.17602887749671936,2242
1,182,1577.5862068965516,0.5532881617546082,0.17460474371910095,2242
1,183,1581.0344827586207,0.5494877696037292,0.17316249012947083,2242
1,184,1584.4827586206898,0.5459135174751282,0.1717836558818817,2242
1,185,1587.9310344827586,0.5436627864837646,0.17092293500900269,2242
1,186,1591.3793103448274,0.5397369861602783,0.16939722001552582,2242
1,187,1594.8275862068965,0.5360391736030579,0.16793715953826904,2242
1,188,1598.2758620689656,0.5328754782676697,0.16671881079673767,2242
1,189,1601.7241379310344,0.5300009846687317,0.16553722321987152,2242
1,190,1605.1724137931033,0.5273919701576233,0.1644487828016281,2242
1,191,1608.6206896551723,0.5251235365867615,0.16346362233161926,2242
1,192,1612.0689655172414,0.5229037404060364,0.16245684027671814,2242
1,193,1615.5172413793102,0.5208470225334167,0.16149158775806427,2242
1,194,1618.9655172413793,0.5194825530052185,0.16073331236839294,2242
1,195,1622.4137931034484,0.5181374549865723,0.15993663668632507,2242
1,196,1625.8620689655172,0.5175146460533142,0.15934479236602783,2242
1,197,1629.310344827586,0.5169153213500977,0.15880590677261353,2242
1,198,1632.7586206896551,0.5170122385025024,0.15850189328193665,2242
1,199,1636.2068965517242,0.5173814296722412,0.15830953419208527,2242
1,200,1639.655172413793,0.5188526511192322,0.15840712189674377,2242
1,201,1643.1034482758619,0.5213384032249451,0.15887458622455597,2242
1,202,1646.5517241379312,0.5254303216934204,0.1595706194639206,2242
1,203,1650.0,0.5312535762786865,0.16066960990428925,2242
2,0,950.0,0.29841819405555725,0.06469865143299103,2242
2,1,953.448275862069,0.29883983731269836,0.06488731503486633,2242
2,2,956.8965517241379,0.29897332191467285,0.06497950851917267,2242
2,3,960.3448275862069,0.2990148365497589,0.06510103493928909,2242
2,4,963.7931034482758,0.2985213100910187,0.06506581604480743,2242
2,5,967.2413793103449,0.29781875014305115,0.06496232748031616,2242
2,6,970.6896551724138,0.2967715561389923,0.06484942883253098,2242
2,7,974.1379310344828,0.29553356766700745,0.06469769030809402,2242
2,8,977.5862068965517,0.2940319776535034,0.06449327617883682,2242
2,9,981.0344827586207,0.2924146354198456,0.0642690509557724,2242
2,10,984.4827586206897,0.2906220853328705,0.06397876143455505,2242
2,11,987.9310344827586,0.2887949049472809,0.06370510160923004,2242
2,12,991.3793103448276,0.28685978055000305,0.06342051923274994,2242
2,13,994.8275862068965,0.2848706841468811,0.06310192495584488,2242
2,14,998.2758620689655,0.2828134596347809,0.06276427209377289,2242
2,15,1001.7241379310344,0.2807910740375519,0.06245548650622368,2242
2,16,1005.1724137931035,0.27874213457107544,0.062165215611457825,2242
2,17,1008.6206896551724,0.2768031656742096,0.06189197674393654,2242
2,18,1012.0689655172414,0.2748045027256012,0.061594050377607346,2242
2,19,1015.5172413793103,0.272970587015152,0.06134672090411186,2242
2,20,1018.9655172413793,0.2712888717651367,0.061135247349739075,2242
2,21,1022.4137931034483,0.2695956528186798,0.060925375670194626,2242
2,22,1025.8620689655172,0.268016517162323,0.060715604573488235,2242
2,23,1029.3103448275863,0.26648053526878357,0.060514308512210846,2242
2,24,1032.7586206896551,0.2650732696056366,0.060356903821229935,2242
2,25,1036.2068965517242,0.26377397775650024,0.06023343652486801,2242
2,26,1039.655172413793,0.26268240809440613,0.06015712767839432,2242
2,27,1043.103448275862,0.2615387439727783,0.060049403458833694,2242
2,28,1046.551724137931,0.2605316936969757,0.059998270124197006,2242
2,29,1050.0,0.25959914922714233,0.059935394674539566,2242
2,30,1053.4482758620688,0.25882279872894287,0.05992051213979721,2242
2,31,1056.896551724138,0.2581053078174591,0.0598992221057415,2242
2,32,1060.344827586207,0.2575227618217468,0.0599188432097435,2242
2,33,1063.7931034482758,0.25702524185180664,0.059941623359918594,2242
2,34,1067.2413793103449,0.2567380666732788,0.06001472845673561,2242
2,35,1070.6896551724137,0.25648462772369385,0.06009484454989433,2242
2,36,1074.1379310344828,0.25644201040267944,0.06022288277745247,2242
2,37,1077.5862068965516,0.25640854239463806,0.06033166125416756,2242
2,38,1081.0344827586207,0.25658926367759705,0.06048201769590378,2242
2,39,1084.4827586206898,0.25676456093788147,0.06062232330441475,2242
2,40,1087.9310344827586,0.2570056915283203,0.06079155579209328,2242
2,41,1091.3793103448277,0.2572404444217682,0.06093178689479828,2242
2,42,1094.8275862068965,0.2577335834503174,0.06112176924943924,2242
2,43,1098.2758620689656,0.258344829082489,0.061352770775556564,2242
2,44,1101.7241379310344,0.25942057371139526,0.06171052157878876,2242
2,45,1105.1724137931035,0.2609620690345764,0.06211387738585472,2242
2,46,1108.6206896551723,0.26361265778541565,0.0628112405538559,2242
2,47,1112.0689655172414,0.2676522433757782,0.06379623711109161,2242
2,48,1115.5172413793102,0.2734430432319641,0.06528036296367645,2242
2,49,1118.9655172413793,0.28041380643844604,0.0671316534280777,2242
2,50,1122.4137931034484,0.2884005904197693,0.06933064758777618,2242
2,51,1125.8620689655172,0.2967027723789215,0.07160633057355881,2242
2,52,1129.3103448275863,0.3047548234462738,0.0737738162279129,2242
2,53,1132.7586206896551,0.3116651773452759,0.07560323178768158,2242
2,54,1136.2068965517242,0.3174803853034973,0.07717771828174591,2242
2,55,1139.655172413793,0.32202810049057007,0.0783863514661789,2242
2,56,1143.103448275862,0.3256121873855591,0.07940077781677246,2242
2,57,1146.551724137931,0.328453928232193,0.08020731061697006,2242
2,58,1150.0,0.33088207244873047,0.08095447719097137,2242
2,59,1153.4482758620688,0.3329833149909973,0.08158963173627853,2242
2,60,1156.896551724138,0.33509576320648193,0.0822606086730957,2242
2,61,1160.344827586207,0.33702707290649414,0.08285720646381378,2242
2,62,1163.7931034482758,0.3393128514289856,0.08363140374422073,2242
2,63,1167.2413793103449,0.34111616015434265,0.0842280238866806,2242
2,64,1170.6896551724137,0.34266170859336853,0.08478439599275589,2242
2,65,1174.1379310344828,0.3434089124202728,0.08506917953491211,2242
2,66,1177.5862068965516,0.3437407314777374,0.08526105433702469,2242
2,67,1181.0344827586207,0.34337738156318665,0.08520260453224182,2242
2,68,1184.4827586206898,0.3426293730735779,0.08506149798631668,2242
2,69,1187.9310344827586,0.3410997688770294,0.08467600494623184,2242
2,70,1191.3793103448274,0.33927854895591736,0.08419279754161835,2242
2,71,1194.8275862068965,0.3369005024433136,0.0836305096745491,2242
2,72,1198.2758620689656,0.3343256711959839,0.0829770565032959,2242
2,73,1201.7241379310344,0.33148449659347534,0.08229132741689682,2242
2,74,1205.1724137931035,0.3291073739528656,0.08170540630817413,2242
2,75,1208.6206896551723,0.326581209897995,0.08113514631986618,2242
2,76,1212.0689655172414,0.3244265615940094,0.08066537231206894,2242
2,77,1215.5172413793102,0.3221687972545624,0.08015263825654984,2242
2,78,1218.9655172413793,0.3204297721385956,0.07983057200908661,2242
2,79,1222.4137931034484,0.31866195797920227,0.07947582006454468,2242
2,80,1225.8620689655172,0.31730273365974426,0.07921180874109268,2242
2,81,1229.310344827586,0.31588783860206604,0.07895385473966599,2242
2,82,1232.7586206896551,0.31469324231147766,0.07875040173530579,2242
2,83,1236.2068965517242,0.313556432723999,0.07857242226600647,2242
2,84,1239.655172413793,0.3127555251121521,0.07844420522451401,2242
2,85,1243.103448275862,0.3118979036808014,0.07835282385349274,2242
2,86,1246.551724137931,0.31137615442276,0.07837134599685669,2242
2,87,1250.0,0.31066492199897766,0.0783575177192688,2242
2,88,1253.4482758620688,0.3104165196418762,0.07847873866558075,2242
2,89,1256.896551724138,0.3101487457752228,0.07858112454414368,2242
2,90,1260.344827586207,0.31036925315856934,0.07887709140777588,2242
2,91,1263.7931034482758,0.3105507791042328,0.07917158305644989,2242
2,92,1267.2413793103449,0.31127336621284485,0.07965119183063507,2242
2,93,1270.6896551724137,0.3122650980949402,0.08017829060554504,2242
2,94,1274.1379310344828,0.31373584270477295,0.08085871487855911,2242
2,95,1277.5862068965516,0.3154892027378082,0.08164758235216141,2242
2,96,1281.0344827586207,0.31782203912734985,0.08262456208467484,2242
2,97,1284.4827586206898,0.3206138610839844,0.083767369389534,2242
2,98,1287.9310344827586,0.32407721877098083,0.0851036012172699,2242
2,99,1291.3793103448274,0.3280128240585327,0.08665348589420319,2242
2,100,1294.8275862068965,0.33270910382270813,0.0884593278169632,2242
2,101,1298.2758620689656,0.3378569185733795,0.09043646603822708,2242
2,102,1301.7241379310344,0.34363168478012085,0.09262970834970474,2242
2,103,1305.1724137931035,0.3500812351703644,0.0950576439499855,2242
2,104,1308.6206896551723,0.3568663001060486,0.09759385138750076,2242
2,105,1312.0689655172414,0.3636220395565033,0.10019370168447495,2242
2,106,1315.5172413793102,0.37053248286247253,0.10286001116037369,2242
2,107,1318.9655172413793,0.3773607313632965,0.10547269135713577,2242
2,108,1322.4137931034484,0.38398224115371704,0.10801051557064056,2242
2,109,1325.8620689655172,0.39005714654922485,0.11038359254598618,2242
2,110,1329.310344827586,0.3958451449871063,0.11265133321285248,2242
2,111,1332.7586206896551,0.4015643000602722,0.11492089927196503,2242
2,112,1336.2068965517242,0.4075555205345154,0.11730756610631943,2242
2,113,1339.655172413793,0.41342881321907043,0.11984892934560776,2242
2,114,1343.103448275862,0.42020612955093384,0.12293633073568344,2242
2,115,1346.551724137931,0.427899032831192,0.1266154646873474,2242
2,116,1350.0,0.43781957030296326,0.13141265511512756,2242
2,117,1353.4482758620688,0.45001283288002014,0.13736872375011444,2242
2,118,1356.896551724138,0.4658946990966797,0.1451413333415985,2242
2,119,1360.344827586207,0.4851120412349701,0.15463554859161377,2242
2,120,1363.7931034482758,0.507946789264679,0.16581496596336365,2242
2,121,1367.2413793103449,0.53294837474823,0.17802004516124725,2242
2,122,1370.6896551724137,0.5596034526824951,0.1908111721277237,2242
2,123,1374.1379310344828,0.5858355760574341,0.20314520597457886,2242
2,124,1377.5862068965516,0.6110532283782959,0.21448630094528198,2242
2,125,1381.0344827586207,0.6336740255355835,0.2241339534521103,2242
2,126,1384.4827586206898,0.6535512804985046,0.23210793733596802,2242
2,127,1387.9310344827586,0.6704232096672058,0.23837926983833313,2242
2,128,1391.3793103448274,0.6846550107002258,0.24321232736110687,2242
2,129,1394.8275862068965,0.6963448524475098,0.2470560520887375,2242
2,130,1398.2758620689656,0.7063502669334412,0.25013962388038635,2242
2,131,1401.7241379310344,0.7145053744316101,0.2525720000267029,2242
2,132,1405.1724137931035,0.7209349274635315,0.254496693611145,2242
2,133,1408.6206896551723,0.7261046171188354,0.2561127841472626,2242
2,134,1412.0689655172414,0.730110228061676,0.25729426741600037,2242
2,135,1415.5172413793102,0.7328007221221924,0.2582165598869324,2242
2,136,1418.9655172413793,0.7347823977470398,0.25879690051078796,2242
2,137,1422.4137931034484,0.7357454895973206,0.2592029869556427,2242
2,138,1425.8620689655172,0.7366317510604858,0.25946542620658875,2242
2,139,1429.310344827586,0.7364748120307922,0.25941014289855957,2242
2,140,1432.7586206896551,0.7358734011650085,0.2591044306755066,2242
2,141,1436.2068965517242,0.7344942092895508,0.2584392726421356,2242
2,142,1439.655172413793,0.7323523163795471,0.2574352025985718,2242
2,143,1443.103448275862,0.7288220524787903,0.2558947205543518,2242
2,144,1446.551724137931,0.7248464822769165,0.25424107909202576,2242
2,145,1450.0,0.7199910879135132,0.2523081302642822,2242
2,146,1453.4482758620688,0.7148478031158447,0.25025978684425354,2242
2,147,1456.896551724138,0.7091653943061829,0.24800927937030792,2242
2,148,1460.344827586207,0.703298807144165,0.2456391304731369,2242
2,149,1463.7931034482758,0.6974159479141235,0.24325266480445862,2242
2,150,1467.2413793103447,0.6912726163864136,0.24074794352054596,2242
2,151,1470.6896551724137,0.6848536729812622,0.2380843162536621,2242
2,152,1474.1379310344828,0.6787829995155334,0.23557205498218536,2242
2,153,1477.5862068965516,0.6725504994392395,0.23291292786598206,2242
2,154,1481.0344827586207,0.6662852168083191,0.23029668629169464,2242
2,155,1484.4827586206898,0.6597626805305481,0.2275351881980896,2242
2,156,1487.9310344827586,0.6540566682815552,0.225102037191391,2242
2,157,1491.3793103448274,0.6480165719985962,0.222461998462677,2242
2,158,1494.8275862068965,0.642482578754425,0.22004519402980804,2242
2,159,1498.2758620689656,0.6369329690933228,0.21751810610294342,2242
2,160,1501.7241379310344,0.631871223449707,0.2152285873889923,2242
2,161,1505.1724137931033,0.6267110705375671,0.21281759440898895,2242
2,162,1508.6206896551723,0.6220148205757141,0.21056419610977173,2242
2,163,1512.0689655172414,0.6175699234008789,0.20840363204479218,2242
2,164,1515.5172413793102,0.6131350994110107,0.20624271035194397,2242
2,165,1518.9655172413793,0.6084933876991272,0.20406709611415863,2242
2,166,1522.4137931034484,0.6046779155731201,0.20215468108654022,2242
2,167,1525.8620689655172,0.6003691554069519,0.2002004086971283,2242
2,168,1529.310344827586,0.5967085361480713,0.19840538501739502,2242
2,169,1532.7586206896551,0.5928487181663513,0.19659613072872162,2242
2,170,1536.2068965517242,0.5894446969032288,0.19495044648647308,2242
2,171,1539.655172413793,0.5857328772544861,0.19322185218334198,2242
2,172,1543.1034482758619,0.5825996994972229,0.19169168174266815,2242
2,173,1546.5517241379312,0.5793201923370361,0.1901656687259674,2242
2,174,1550.0,0.5760011076927185,0.1885925829410553,2242
2,175,1553.4482758620688,0.5724507570266724,0.18702086806297302,2242
2,176,1556.896551724138,0.569230318069458,0.18556535243988037,2242
2,177,1560.344827586207,0.5654050707817078,0.1840248554944992,2242
2,178,1563.7931034482758,0.5621368288993835,0.1826210618019104,2242
2,179,1567.2413793103447,0.5585218071937561,0.1811922788619995,2242
2,180,1570.6896551724137,0.5550504326820374,0.17977774143218994,2242
2,181,1574.1379310344828,0.5514928698539734,0.17840510606765747,2242
2,182,1577.5862068965516,0.5482356548309326,0.17713981866836548,2242
2,183,1581.0344827586207,0.5446518063545227,0.17573827505111694,2242
2,184,1584.4827586206898,0.5415178537368774,0.17456507682800293,2242
2,185,1587.9310344827586,0.5391820073127747,0.17359325289726257,2242
2,186,1591.3793103448274,0.5356954336166382,0.1722271591424942,2242
2,187,1594.8275862068965,0.5323927402496338,0.17094087600708008,2242
2,188,1598.2758620689656,0.5294984579086304,0.16979840397834778,2242
2,189,1601.7241379310344,0.5267876386642456,0.1686754822731018,2242
2,190,1605.1724137931033,0.5244470834732056,0.16767826676368713,2242
2,191,1608.6206896551723,0.5223944187164307,0.1667349636554718,2242
2,192,1612.0689655172414,0.5205273628234863,0.1658821851015091,2242
2,193,1615.5172413793102,0.51856529712677,0.16494707763195038,2242
2,194,1618.9655172413793,0.5174477100372314,0.1642380803823471,2242
2,195,1622.4137931034484,0.5161357522010803,0.16341662406921387,2242
2,196,1625.8620689655172,0.5156059265136719,0.1628730148077011,2242
2,197,1629.310344827586,0.5149767994880676,0.16228936612606049,2242
2,198,1632.7586206896551,0.5150963068008423,0.16193681955337524,2242
2,199,1636.2068965517242,0.5154222846031189,0.1617044359445572,2242
2,200,1639.655172413793,0.5167631506919861,0.1616993397474289,2242
2,201,1643.1034482758619,0.5188904404640198,0.16185389459133148,2242
2,202,1646.5517241379312,0.5226604342460632,0.16228227317333221,2242
2,203,1650.0,0.528022289276123,0.16294024884700775,2242
3,0,950.0,0.2943001389503479,0.061996378004550934,2242
3,1,953.448275862069,0.29461541771888733,0.062178511172533035,2242
3,2,956.8965517241379,0.29467472434043884,0.06224606931209564,2242
3,3,960.3448275862069,0.2946607172489166,0.062354255467653275,2242
3,4,963.7931034482758,0.2941311299800873,0.0623064786195755,2242
3,5,967.2413793103449,0.2933931350708008,0.0621919222176075,2242
3,6,970.6896551724138,0.2923435866832733,0.062064047902822495,2242
3,7,974.1379310344828,0.29111379384994507,0.06191433221101761,2242
3,8,977.5862068965517,0.28964492678642273,0.061708442866802216,2242
3,9,981.0344827586207,0.2880550026893616,0.06148206442594528,2242
3,10,984.4827586206897,0.28630393743515015,0.06118446961045265,2242
3,11,987.9310344827586,0.28451693058013916,0.060901492834091187,2242
3,12,991.3793103448276,0.28262701630592346,0.06062953919172287,2242
3,13,994.8275862068965,0.2806965410709381,0.06032221019268036,2242
3,14,998.2758620689655,0.2786707878112793,0.05998653173446655,2242
3,15,1001.7241379310344,0.27669835090637207,0.059674594551324844,2242
3,16,1005.1724137931035,0.2747151255607605,0.05939348414540291,2242
3,17,1008.6206896551724,0.27282753586769104,0.05911210924386978,2242
3,18,1012.0689655172414,0.27086615562438965,0.05881856009364128,2242
3,19,1015.5172413793103,0.26905542612075806,0.058558978140354156,2242
3,20,1018.9655172413793,0.26740750670433044,0.05834643915295601,2242
3,21,1022.4137931034483,0.26575133204460144,0.058131325989961624,2242
3,22,1025.8620689655172,0.2641936242580414,0.05792961269617081,2242
3,23,1029.3103448275863,0.2626734972000122,0.05771562457084656,2242
3,24,1032.7586206896551,0.2612919807434082,0.057560984045267105,2242
3,25,1036.2068965517242,0.260017991065979,0.05744098871946335,2242
3,26,1039.655172413793,0.25894084572792053,0.05736246705055237,2242
3,27,1043.103448275862,0.25781676173210144,0.057263296097517014,2242
3,28,1046.551724137931,0.25680968165397644,0.05720854550600052,2242
3,29,1050.0,0.25589025020599365,0.05713861063122749,2242
3,30,1053.4482758620688,0.2551262080669403,0.057124581187963486,2242
3,31,1056.896551724138,0.2544234097003937,0.05709719657897949,2242
3,32,1060.344827586207,0.25385040044784546,0.05712234601378441,2242
3,33,1063.7931034482758,0.2533564567565918,0.057143401354551315,2242
3,34,1067.2413793103449,0.2530635595321655,0.05720461532473564,2242
3,35,1070.6896551724137,0.25280526280403137,0.057273030281066895,2242
3,36,1074.1379310344828,0.25275176763534546,0.05739040672779083,2242
3,37,1077.5862068965516,0.2527034878730774,0.057489063590765,2242
3,38,1081.0344827586207,0.2528795003890991,0.057637691497802734,2242
3,39,1084.4827586206898,0.25303611159324646,0.05776629596948624,2242
3,40,1087.9310344827586,0.25327372550964355,0.05792653188109398,2242
3,41,1091.3793103448277,0.25348466634750366,0.05805644392967224,2242
3,42,1094.8275862068965,0.2539570927619934,0.05824295058846474,2242
3,43,1098.2758620689656,0.2545299828052521,0.058464426547288895,2242
3,44,1101.7241379310344,0.2555544078350067,0.058812566101551056,2242
3,45,1105.1724137931035,0.2570282518863678,0.059193626046180725,2242
3,46,1108.6206896551723,0.25957632064819336,0.05988585203886032,2242
3,47,1112.0689655172414,0.263457328081131,0.06084618344902992,2242
3,48,1115.5172413793102,0.2690246105194092,0.06231236085295677,2242
3,49,1118.9655172413793,0.27571824193000793,0.064155213534832,2242
3,50,1122.4137931034484,0.28331637382507324,0.0663158968091011,2242
3,51,1125.8620689655172,0.2912312150001526,0.06858382374048233,2242
3,52,1129.3103448275863,0.29885420203208923,0.07074078172445297,2242
3,53,1132.7586206896551,0.3053639829158783,0.07255498319864273,2242
3,54,1136.2068965517242,0.3108244240283966,0.07411129772663116,2242
3,55,1139.655172413793,0.31508445739746094,0.07529743015766144,2242
3,56,1143.103448275862,0.31842556595802307,0.07629489153623581,2242
3,57,1146.551724137931,0.3210633397102356,0.07711020857095718,2242
3,58,1150.0,0.3232860267162323,0.07782949507236481,2242
3,59,1153.4482758620688,0.32522252202033997,0.07846343517303467,2242
3,60,1156.896551724138,0.32714003324508667,0.07911012321710587,2242
3,61,1160.344827586207,0.3289140462875366,0.07970739901065826,2242
3,62,1163.7931034482758,0.33098727464675903,0.08045318722724915,2242
3,63,1167.2413793103449,0.3326357901096344,0.0810522735118866,2242
3,64,1170.6896551724137,0.3340676426887512,0.08160145580768585,2242
3,65,1174.1379310344828,0.334748774766922,0.08189486712217331,2242
3,66,1177.5862068965516,0.3350277245044708,0.08207707107067108,2242
3,67,1181.0344827586207,0.3346978724002838,0.08203732967376709,2242
3,68,1184.4827586206898,0.33397752046585083,0.08189991116523743,2242
3,69,1187.9310344827586,0.33253511786460876,0.08152686804533005,2242
3,70,1191.3793103448274,0.3308342397212982,0.08105470985174179,2242
3,71,1194.8275862068965,0.3286133408546448,0.08048294484615326,2242
3,72,1198.2758620689656,0.3261992335319519,0.07982192188501358,2242
3,73,1201.7241379310344,0.32353273034095764,0.07913500815629959,2242
3,74,1205.1724137931035,0.3213304281234741,0.07855433970689774,2242
3,75,1208.6206896551723,0.31895911693573,0.07797817140817642,2242
3,76,1212.0689655172414,0.3169499933719635,0.07751632481813431,2242
3,77,1215.5172413793102,0.31482768058776855,0.07701626420021057,2242
3,78,1218.9655172413793,0.31316453218460083,0.07669639587402344,2242
3,79,1222.4137931034484,0.31149205565452576,0.07633721828460693,2242
3,80,1225.8620689655172,0.31021350622177124,0.07608761638402939,2242
3,81,1229.310344827586,0.30884337425231934,0.07583758234977722,2242
3,82,1232.7586206896551,0.30770400166511536,0.07564857602119446,2242
3,83,1236.2068965517242,0.30660003423690796,0.07547001540660858,2242
3,84,1239.655172413793,0.3058381676673889,0.07533971965312958,2242
3,85,1243.103448275862,0.3049999475479126,0.07522990554571152,2242
3,86,1246.551724137931,0.30447298288345337,0.07525195181369781,2242
3,87,1250.0,0.303794801235199,0.07525663822889328,2242
3,88,1253.4482758620688,0.30354923009872437,0.0753805935382843,2242
3,89,1256.896551724138,0.30329209566116333,0.07549673318862915,2242
3,90,1260.344827586207,0.30349257588386536,0.07577530294656754,2242
3,91,1263.7931034482758,0.3036749064922333,0.07607442885637283,2242
3,92,1267.2413793103449,0.3043355643749237,0.07655546069145203,2242
3,93,1270.6896551724137,0.30527156591415405,0.07708033919334412,2242
3,94,1274.1379310344828,0.3066506087779999,0.07774752378463745,2242
3,95,1277.5862068965516,0.3082940876483917,0.07852116227149963,2242
3,96,1281.0344827586207,0.3104996681213379,0.07951124012470245,2242
3,97,1284.4827586206898,0.3131242096424103,0.08063416928052902,2242
3,98,1287.9310344827586,0.31637176871299744,0.08196508139371872,2242
3,99,1291.3793103448274,0.32002922892570496,0.08349614590406418,2242
3,100,1294.8275862068965,0.32442793250083923,0.08527770638465881,2242
3,101,1298.2758620689656,0.3292304575443268,0.08724077045917511,2242
3,102,1301.7241379310344,0.33459630608558655,0.08940707892179489,2242
3,103,1305.1724137931035,0.3405933380126953,0.09178940206766129,2242
3,104,1308.6206896551723,0.3468824326992035,0.09429581463336945,2242
3,105,1312.0689655172414,0.3531244993209839,0.09685640782117844,2242
3,106,1315.5172413793102,0.3595001995563507,0.09948734939098358,2242
3,107,1318.9655172413793,0.3657883107662201,0.10204048454761505,2242
3,108,1322.4137931034484,0.37187740206718445,0.10451336950063705,2242
3,109,1325.8620689655172,0.37741830945014954,0.10684700310230255,2242
3,110,1329.310344827586,0.38269877433776855,0.1090625673532486,2242
3,111,1332.7586206896551,0.38794004917144775,0.11129340529441833,2242
3,112,1336.2068965517242,0.3934040665626526,0.1136164590716362,2242
3,113,1339.655172413793,0.3987567722797394,0.11612745374441147,2242
3,114,1343.103448275862,0.4049190282821655,0.11913899332284927,2242
3,115,1346.551724137931,0.41194045543670654,0.12276868522167206,2242
3,116,1350.0,0.42095309495925903,0.12744952738285065,2242
3,117,1353.4482758620688,0.43197014927864075,0.13327795267105103,2242
3,118,1356.896551724138,0.44632425904273987,0.1408437341451645,2242
3,119,1360.344827586207,0.4636886417865753,0.15014080703258514,2242
3,120,1363.7931034482758,0.4842575490474701,0.16098946332931519,2242
3,121,1367.2413793103449,0.506790816783905,0.17289866507053375,2242
3,122,1370.6896551724137,0.5307444334030151,0.18535256385803223,2242
3,123,1374.1379310344828,0.5544080138206482,0.1974155455827713,2242
3,124,1377.5862068965516,0.577200710773468,0.2084641307592392,2242
3,125,1381.0344827586207,0.5976919531822205,0.2178824245929718,2242
3,126,1384.4827586206898,0.6158403754234314,0.22568441927433014,2242
3,127,1387.9310344827586,0.6312478184700012,0.23178483545780182,2242
3,128,1391.3793103448274,0.6443963050842285,0.2365247905254364,2242
3,129,1394.8275862068965,0.6549820303916931,0.2400706559419632,2242
3,130,1398.2758620689656,0.6642395257949829,0.24300532042980194,2242
3,131,1401.7241379310344,0.6718419194221497,0.24535183608531952,2242
3,132,1405.1724137931035,0.6778408288955688,0.24724631011486053,2242
3,133,1408.6206896551723,0.6825551986694336,0.24869272112846375,2242
3,134,1412.0689655172414,0.686371922492981,0.24989527463912964,2242
3,135,1415.5172413793102,0.6889083385467529,0.2507183253765106,2242
3,136,1418.9655172413793,0.6908314824104309,0.25133049488067627,2242
3,137,1422.4137931034484,0.6916918754577637,0.251639187335968,2242
3,138,1425.8620689655172,0.6925424337387085,0.25189313292503357,2242
3,139,1429.310344827586,0.6924156546592712,0.25181275606155396,2242
3,140,1432.7586206896551,0.6918208003044128,0.25145992636680603,2242
3,141,1436.2068965517242,0.6905496120452881,0.25078338384628296,2242
3,142,1439.655172413793,0.6886556148529053,0.24976319074630737,2242
3,143,1443.103448275862,0.6854880452156067,0.24829956889152527,2242
3,144,1446.551724137931,0.6818111538887024,0.2466023564338684,2242
3,145,1450.0,0.6772767305374146,0.2446315735578537,2242
3,146,1453.4482758620688,0.672606885433197,0.24266144633293152,2242
3,147,1456.896551724138,0.6674057245254517,0.2405036836862564,2242
3,148,1460.344827586207,0.6620333194732666,0.23817624151706696,2242
3,149,1463.7931034482758,0.6566211581230164,0.23583170771598816,2242
3,150,1467.2413793103447,0.6509597897529602,0.23336875438690186,2242
3,151,1470.6896551724137,0.6451575756072998,0.23082873225212097,2242
3,152,1474.1379310344828,0.6394495368003845,0.22823862731456757,2242
3,153,1477.5862068965516,0.633838951587677,0.2257288098335266,2242
3,154,1481.0344827586207,0.6280068755149841,0.22307905554771423,2242
3,155,1484.4827586206898,0.6221418976783752,0.2205151617527008,2242
3,156,1487.9310344827586,0.6169185042381287,0.21813277900218964,2242
3,157,1491.3793103448274,0.6114555597305298,0.21562828123569489,2242
3,158,1494.8275862068965,0.6063801646232605,0.21321336925029755,2242
3,159,1498.2758620689656,0.6013472676277161,0.2107890248298645,2242
3,160,1501.7241379310344,0.5966959595680237,0.20855601131916046,2242
3,161,1505.1724137931033,0.5920247435569763,0.2062031328678131,2242
3,162,1508.6206896551723,0.587794840335846,0.20405025780200958,2242
3,163,1512.0689655172414,0.5837510228157043,0.20195011794567108,2242
3,164,1515.5172413793102,0.579730212688446,0.1998603790998459,2242
3,165,1518.9655172413793,0.5755741596221924,0.19780930876731873,2242
3,166,1522.4137931034484,0.5721164345741272,0.19597434997558594,2242
3,167,1525.8620689655172,0.5681843161582947,0.1940387636423111,2242
3,168,1529.310344827586,0.564850389957428,0.19230912625789642,2242
3,169,1532.7586206896551,0.5613926649093628,0.1905771791934967,2242
3,170,1536.2068965517242,0.5582912564277649,0.1889735758304596,2242
3,171,1539.655172413793,0.5550021529197693,0.18733875453472137,2242
3,172,1543.1034482758619,0.5521737933158875,0.18588824570178986,2242
3,173,1546.5517241379312,0.5491552948951721,0.1843443661928177,2242
3,174,1550.0,0.5461858510971069,0.18287970125675201,2242
3,175,1553.4482758620688,0.5429816246032715,0.18134340643882751,2242
3,176,1556.896551724138,0.5400752425193787,0.17998436093330383,2242
3,177,1560.344827586207,0.536590576171875,0.17850811779499054,2242
3,178,1563.7931034482758,0.5336280465126038,0.17715533077716827,2242
3,179,1567.2413793103447,0.5303528904914856,0.17579543590545654,2242
3,180,1570.6896551724137,0.5271660685539246,0.1744142323732376,2242
3,181,1574.1379310344828,0.5239304304122925,0.17309649288654327,2242
3,182,1577.5862068965516,0.5209507346153259,0.17187178134918213,2242
3,183,1581.0344827586207,0.517784833908081,0.1705794781446457,2242
3,184,1584.4827586206898,0.5148424506187439,0.16940857470035553,2242
3,185,1587.9310344827586,0.5126685500144958,0.168471559882164,2242
3,186,1591.3793103448274,0.509566605091095,0.16716797649860382,2242
3,187,1594.8275862068965,0.5066695809364319,0.16599468886852264,2242
3,188,1598.2758620689656,0.5040082931518555,0.16486524045467377,2242
3,189,1601.7241379310344,0.5016807913780212,0.1638682782649994,2242
3,190,1605.1724137931033,0.49953600764274597,0.16289736330509186,2242
3,191,1608.6206896551723,0.497778981924057,0.16203278303146362,2242
3,192,1612.0689655172414,0.49602165818214417,0.16118015348911285,2242
3,193,1615.5172413793102,0.4943608045578003,0.16034094989299774,2242
3,194,1618.9655172413793,0.49338892102241516,0.15963542461395264,2242
3,195,1622.4137931034484,0.49235454201698303,0.15895779430866241,2242
3,196,1625.8620689655172,0.49186626076698303,0.15838807821273804,2242
3,197,1629.310344827586,0.49147719144821167,0.1578771322965622,2242
3,198,1632.7586206896551,0.49183425307273865,0.15766771137714386,2242
3,199,1636.2068965517242,0.492388516664505,0.1575634777545929,2242
3,200,1639.655172413793,0.493819922208786,0.15766236186027527,2242
3,201,1643.1034482758619,0.49637219309806824,0.1581837385892868,2242
3,202,1646.5517241379312,0.500427782535553,0.15900996327400208,2242
3,203,1650.0,0.5061777830123901,0.1600504368543625,2242
4,0,950.0,0.28925615549087524,0.05888047069311142,2242
4,1,953.448275862069,0.28953179717063904,0.059053320437669754,2242
4,2,956.8965517241379,0.2895272374153137,0.05912231653928757,2242
4,3,960.3448275862069,0.2894808053970337,0.05921969562768936,2242
4,4,963.7931034482758,0.28892505168914795,0.059180404990911484,2242
4,5,967.2413793103449,0.2881557047367096,0.059066612273454666,2242
4,6,970.6896551724138,0.28709325194358826,0.058948956429958344,2242
4,7,974.1379310344828,0.2858586609363556,0.058788299560546875,2242
4,8,977.5862068965517,0.28439855575561523,0.05859338864684105,2242
4,9,981.0344827586207,0.28281378746032715,0.05835464224219322,2242
4,10,984.4827586206897,0.28106826543807983,0.05806944891810417,2242
4,11,987.9310344827586,0.2793053984642029,0.05779334530234337,2242
4,12,991.3793103448276,0.2774105668067932,0.05751338228583336,2242
4,13,994.8275862068965,0.27550309896469116,0.05721432343125343,2242
4,14,998.2758620689655,0.2735055088996887,0.05687835440039635,2242
4,15,1001.7241379310344,0.27155911922454834,0.056575242429971695,2242
4,16,1005.1724137931035,0.2695927321910858,0.056293074041604996,2242
4,17,1008.6206896551724,0.2677268087863922,0.056021131575107574,2242
4,18,1012.0689655172414,0.2657841444015503,0.05573021620512009,2242
4,19,1015.5172413793103,0.2639889717102051,0.05547690764069557,2242
4,20,1018.9655172413793,0.26236817240715027,0.05525961145758629,2242
4,21,1022.4137931034483,0.2607172131538391,0.05504190921783447,2242
4,22,1025.8620689655172,0.2591816782951355,0.054832179099321365,2242
4,23,1029.3103448275863,0.2576662600040436,0.05461174622178078,2242
4,24,1032.7586206896551,0.2562796175479889,0.05445725470781326,2242
4,25,1036.2068965517242,0.2550147473812103,0.054328665137290955,2242
4,26,1039.655172413793,0.2539350092411041,0.054236818104982376,2242
4,27,1043.103448275862,0.2528109550476074,0.054122962057590485,2242
4,28,1046.551724137931,0.2518059313297272,0.05406104400753975,2242
4,29,1050.0,0.2508741319179535,0.05398750677704811,2242
4,30,1053.4482758620688,0.2501077651977539,0.0539671927690506,2242
4,31,1056.896551724138,0.2493932694196701,0.05392429605126381,2242
4,32,1060.344827586207,0.2488059550523758,0.05393226444721222,2242
4,33,1063.7931034482758,0.2483098804950714,0.053954124450683594,2242
4,34,1067.2413793103449,0.24800990521907806,0.054005250334739685,2242
4,35,1070.6896551724137,0.24774430692195892,0.05405908823013306,2242
4,36,1074.1379310344828,0.24768230319023132,0.05416613444685936,2242
4,37,1077.5862068965516,0.24762874841690063,0.05424708127975464,2242
4,38,1081.0344827586207,0.24779272079467773,0.054374609142541885,2242
4,39,1084.4827586206898,0.24793702363967896,0.0544881671667099,2242
4,40,1087.9310344827586,0.2481520175933838,0.05463341251015663,2242
4,41,1091.3793103448277,0.24835534393787384,0.05475209653377533,2242
4,42,1094.8275862068965,0.2487935572862625,0.05491545796394348,2242
4,43,1098.2758620689656,0.2493463158607483,0.05513547733426094,2242
4,44,1101.7241379310344,0.2503492534160614,0.055463600903749466,2242
4,45,1105.1724137931035,0.2517782747745514,0.05584004521369934,2242
4,46,1108.6206896551723,0.25427544116973877,0.056497033685445786,2242
4,47,1112.0689655172414,0.2580738961696625,0.05741925537586212,2242
4,48,1115.5172413793102,0.26351940631866455,0.05882537364959717,2242
4,49,1118.9655172413793,0.27003946900367737,0.06061983481049538,2242
4,50,1122.4137931034484,0.27743884921073914,0.06272070854902267,2242
4,51,1125.8620689655172,0.2850830852985382,0.06492619216442108,2242
4,52,1129.3103448275863,0.29245632886886597,0.06703722476959229,2242
4,53,1132.7586206896551,0.2987087368965149,0.0688079297542572,2242
4,54,1136.2068965517242,0.3039501905441284,0.07034552842378616,2242
4,55,1139.655172413793,0.307991087436676,0.07152610272169113,2242
4,56,1143.103448275862,0.3111831843852997,0.0725165531039238,2242
4,57,1146.551724137931,0.31368333101272583,0.07332685589790344,2242
4,58,1150.0,0.31580889225006104,0.07405664771795273,2242
4,59,1153.4482758620688,0.31762591004371643,0.07468265295028687,2242
4,60,1156.896551724138,0.31943851709365845,0.07532478868961334,2242
4,61,1160.344827586207,0.3210921585559845,0.07590942084789276,2242
4,62,1163.7931034482758,0.3230683207511902,0.07665804773569107,2242
4,63,1167.2413793103449,0.32461148500442505,0.07724820822477341,2242
4,64,1170.6896551724137,0.3259447515010834,0.07779154181480408,2242
4,65,1174.1379310344828,0.3265581429004669,0.07808475196361542,2242
4,66,1177.5862068965516,0.32679277658462524,0.07826131582260132,2242
4,67,1181.0344827586207,0.32641690969467163,0.07821353524923325,2242
4,68,1184.4827586206898,0.3256930410861969,0.07807981222867966,2242
4,69,1187.9310344827586,0.32427603006362915,0.0777023583650589,2242
4,70,1191.3793103448274,0.32260459661483765,0.07722411304712296,2242
4,71,1194.8275862068965,0.32046082615852356,0.07665561139583588,2242
4,72,1198.2758620689656,0.3181443512439728,0.0760028064250946,2242
4,73,1201.7241379310344,0.3155660033226013,0.07530862838029861,2242
4,74,1205.1724137931035,0.31343138217926025,0.07473398745059967,2242
4,75,1208.6206896551723,0.3111390173435211,0.07416916638612747,2242
4,76,1212.0689655172414,0.30918654799461365,0.07370853424072266,2242
4,77,1215.5172413793102,0.307127445936203,0.07321617752313614,2242
4,78,1218.9655172413793,0.30552923679351807,0.0728989690542221,2242
4,79,1222.4137931034484,0.3039033114910126,0.07254806905984879,2242
4,80,1225.8620689655172,0.30265969038009644,0.07230265438556671,2242
4,81,1229.310344827586,0.30130985379219055,0.0720539316534996,2242
4,82,1232.7586206896551,0.30019640922546387,0.07186480611562729,2242
4,83,1236.2068965517242,0.2991214692592621,0.07168538868427277,2242
4,84,1239.655172413793,0.2983686029911041,0.07155976444482803,2242
4,85,1243.103448275862,0.297549307346344,0.07144884765148163,2242
4,86,1246.551724137931,0.29703494906425476,0.07146664708852768,2242
4,87,1250.0,0.29634347558021545,0.07145778834819794,2242
4,88,1253.4482758620688,0.29609355330467224,0.07157638669013977,2242
4,89,1256.896551724138,0.2958287298679352,0.07167917490005493,2242
4,90,1260.344827586207,0.2960100769996643,0.07195144146680832,2242
4,91,1263.7931034482758,0.2961556017398834,0.07224061340093613,2242
4,92,1267.2413793103449,0.29679346084594727,0.0727103129029274,2242
4,93,1270.6896551724137,0.2976987361907959,0.07321875542402267,2242
4,94,1274.1379310344828,0.2990337312221527,0.07385954260826111,2242
4,95,1277.5862068965516,0.30060121417045593,0.07461479306221008,2242
4,96,1281.0344827586207,0.3027174472808838,0.07557273656129837,2242
4,97,1284.4827586206898,0.3052239716053009,0.07665958255529404,2242
4,98,1287.9310344827586,0.3083304464817047,0.07794439047574997,2242
4,99,1291.3793103448274,0.31185510754585266,0.07944320142269135,2242
4,100,1294.8275862068965,0.3160760700702667,0.08118639141321182,2242
4,101,1298.2758620689656,0.3206463158130646,0.08308976888656616,2242
4,102,1301.7241379310344,0.3257746994495392,0.0851963460445404,2242
4,103,1305.1724137931035,0.33151373267173767,0.08752736449241638,2242
4,104,1308.6206896551723,0.33751043677330017,0.08996284008026123,2242
4,105,1312.0689655172414,0.3434523940086365,0.092450350522995,2242
4,106,1315.5172413793102,0.3495238125324249,0.0950053408741951,2242
4,107,1318.9655172413793,0.3555021584033966,0.0974784567952156,2242
4,108,1322.4137931034484,0.36128342151641846,0.0998835563659668,2242
4,109,1325.8620689655172,0.3665635287761688,0.10215941816568375,2242
4,110,1329.310344827586,0.371591180562973,0.10431794077157974,2242
4,111,1332.7586206896551,0.37655940651893616,0.10648726671934128,2242
4,112,1336.2068965517242,0.3817732036113739,0.10874093323945999,2242
4,113,1339.655172413793,0.3868405222892761,0.1111665666103363,2242
4,114,1343.103448275862,0.3926580250263214,0.11407412588596344,2242
4,115,1346.551724137931,0.3992544710636139,0.11757390946149826,2242
4,116,1350.0,0.40774545073509216,0.12208577990531921,2242
4,117,1353.4482758620688,0.4181918799877167,0.12772616744041443,2242
4,118,1356.896551724138,0.43176862597465515,0.13504382967948914,2242
4,119,1360.344827586207,0.44808486104011536,0.14397333562374115,2242
4,120,1363.7931034482758,0.4674606919288635,0.15443843603134155,2242
4,121,1367.2413793103449,0.4885924756526947,0.16583134233951569,2242
4,122,1370.6896551724137,0.5110670328140259,0.17775382101535797,2242
4,123,1374.1379310344828,0.5332049131393433,0.1892785280942917,2242
4,124,1377.5862068965516,0.5545234680175781,0.19976289570331573,2242
4,125,1381.0344827586207,0.5737245678901672,0.20868009328842163,2242
4,126,1384.4827586206898,0.5907779932022095,0.2160293310880661,2242
4,127,1387.9310344827586,0.6053095459938049,0.22179502248764038,2242
4,128,1391.3793103448274,0.6178025007247925,0.22631841897964478,2242
4,129,1394.8275862068965,0.6279287934303284,0.22971102595329285,2242
4,130,1398.2758620689656,0.6368159651756287,0.2325415164232254,2242
4,131,1401.7241379310344,0.6440778374671936,0.2348141074180603,2242
4,132,1405.1724137931035,0.6498602032661438,0.23664838075637817,2242
4,133,1408.6206896551723,0.6543999314308167,0.2380245178937912,2242
4,134,1412.0689655172414,0.6579920053482056,0.2391696572303772,2242
4,135,1415.5172413793102,0.6604558825492859,0.2400481104850769,2242
4,136,1418.9655172413793,0.6622169017791748,0.2405507117509842,2242
4,137,1422.4137931034484,0.6630377173423767,0.24088504910469055,2242
4,138,1425.8620689655172,0.6638577580451965,0.24116039276123047,2242
4,139,1429.310344827586,0.6637779474258423,0.2411361187696457,2242
4,140,1432.7586206896551,0.6632226705551147,0.2408379316329956,2242
4,141,1436.2068965517242,0.6620165705680847,0.2401973307132721,2242
4,142,1439.655172413793,0.6602411866188049,0.2392776608467102,2242
4,143,1443.103448275862,0.657226026058197,0.23788274824619293,2242
4,144,1446.551724137931,0.6537761688232422,0.23632898926734924,2242
4,145,1450.0,0.6494916081428528,0.23446735739707947,2242
4,146,1453.4482758620688,0.6450468301773071,0.23257873952388763,2242
4,147,1456.896551724138,0.6401807069778442,0.23057568073272705,2242
4,148,1460.344827586207,0.6350350975990295,0.2283557504415512,2242
4,149,1463.7931034482758,0.6299185156822205,0.22617748379707336,2242
4,150,1467.2413793103447,0.6245333552360535,0.2238280475139618,2242
4,151,1470.6896551724137,0.6190250515937805,0.22143341600894928,2242
4,152,1474.1379310344828,0.6136922836303711,0.21902157366275787,2242
4,153,1477.5862068965516,0.6082668900489807,0.216562882065773,2242
4,154,1481.0344827586207,0.6028338074684143,0.21411535143852234,2242
4,155,1484.4827586206898,0.597176730632782,0.211642786860466,2242
4,156,1487.9310344827586,0.5922126173973083,0.20935960114002228,2242
4,157,1491.3793103448274,0.5869951844215393,0.20695088803768158,2242
4,158,1494.8275862068965,0.5821605324745178,0.2046279013156891,2242
4,159,1498.2758620689656,0.5774136781692505,0.20232264697551727,2242
4,160,1501.7241379310344,0.5730484127998352,0.20019623637199402,2242
4,161,1505.1724137931033,0.5685988068580627,0.19794343411922455,2242
4,162,1508.6206896551723,0.56461501121521,0.19587922096252441,2242
4,163,1512.0689655172414,0.560766339302063,0.19386278092861176,2242
4,164,1515.5172413793102,0.5569829344749451,0.191876620054245,2242
4,165,1518.9655172413793,0.552989661693573,0.18985332548618317,2242
4,166,1522.4137931034484,0.5497143864631653,0.18810565769672394,2242
4,167,1525.8620689655172,0.5460123419761658,0.18629156053066254,2242
4,168,1529.310344827586,0.5428586006164551,0.18460384011268616,2242
4,169,1532.7586206896551,0.5395838022232056,0.1829453557729721,2242
4,170,1536.2068965517242,0.5366238951683044,0.18138688802719116,2242
4,171,1539.655172413793,0.5334891080856323,0.179818794131279,2242
4,172,1543.1034482758619,0.5308199524879456,0.17841927707195282,2242
4,173,1546.5517241379312,0.5279688835144043,0.1769471913576126,2242
4,174,1550.0,0.5250974297523499,0.17549431324005127,2242
4,175,1553.4482758620688,0.5220747590065002,0.17404291033744812,2242
4,176,1556.896551724138,0.5192849040031433,0.17270897328853607,2242
4,177,1560.344827586207,0.5159603357315063,0.1712598204612732,2242
4,178,1563.7931034482758,0.5131503939628601,0.16999317705631256,2242
4,179,1567.2413793103447,0.5099989175796509,0.168666809797287,2242
4,180,1570.6896551724137,0.5069820880889893,0.1673370748758316,2242
4,181,1574.1379310344828,0.5039147734642029,0.16608911752700806,2242
4,182,1577.5862068965516,0.501028835773468,0.1648915857076645,2242
4,183,1581.0344827586207,0.4979396164417267,0.16360628604888916,2242
4,184,1584.4827586206898,0.4951266050338745,0.16245530545711517,2242
4,185,1587.9310344827586,0.4931344985961914,0.16159291565418243,2242
4,186,1591.3793103448274,0.4901520609855652,0.1603085994720459,2242
4,187,1594.8275862068965,0.4873169958591461,0.15917082130908966,2242
4,188,1598.2758620689656,0.48483818769454956,0.15809442102909088,2242
4,189,1601.7241379310344,0.4825705587863922,0.1571113020181656,2242
4,190,1605.1724137931033,0.48054182529449463,0.15614843368530273,2242
4,191,1608.6206896551723,0.4788316786289215,0.15530557930469513,2242
4,192,1612.0689655172414,0.47719207406044006,0.15449258685112,2242
4,193,1615.5172413793102,0.47561195492744446,0.15363220870494843,2242
4,194,1618.9655172413793,0.4747008979320526,0.15296807885169983,2242
4,195,1622.4137931034484,0.4736708700656891,0.15227341651916504,2242
4,196,1625.8620689655172,0.47328832745552063,0.15175756812095642,2242
4,197,1629.310344827586,0.47287115454673767,0.151171013712883,2242
4,198,1632.7586206896551,0.4731927812099457,0.15097376704216003,2242
4,199,1636.2068965517242,0.47363999485969543,0.1508018523454666,2242
4,200,1639.655172413793,0.47504156827926636,0.15086695551872253,2242
4,201,1643.1034482758619,0.4772461950778961,0.15118645131587982,2242
4,202,1646.5517241379312,0.480912983417511,0.1517900675535202,2242
4,203,1650.0,0.48620110750198364,0.15263481438159943,2242
5,0,950.0,0.28332623839378357,0.05635054409503937,2242
5,1,953.448275862069,0.2835339605808258,0.05650202929973602,2242
5,2,956.8965517241379,0.28349149227142334,0.05653126537799835,2242
5,3,960.3448275862069,0.2833986282348633,0.056612011045217514,2242
5,4,963.7931034482758,0.28281906247138977,0.056556109338998795,2242
5,5,967.2413793103449,0.28204602003097534,0.05643452703952789,2242
5,6,970.6896551724138,0.2809876799583435,0.056308530271053314,2242
5,7,974.1379310344828,0.2797621786594391,0.056154731661081314,2242
5,8,977.5862068965517,0.2783111333847046,0.055960267782211304,2242
5,9,981.0344827586207,0.27674612402915955,0.055735066533088684,2242
5,10,984.4827586206897,0.2750375270843506,0.05545183643698692,2242
5,11,987.9310344827586,0.2733156979084015,0.05519038066267967,2242
5,12,991.3793103448276,0.2714584171772003,0.05492400750517845,2242
5,13,994.8275862068965,0.26960819959640503,0.05463676527142525,2242
5,14,998.2758620689655,0.26766324043273926,0.05431625619530678,2242
5,15,1001.7241379310344,0.2657586932182312,0.05403884872794151,2242
5,16,1005.1724137931035,0.2638387382030487,0.05377376824617386,2242
5,17,1008.6206896551724,0.2620159089565277,0.05350174009799957,2242
5,18,1012.0689655172414,0.26010528206825256,0.05322621762752533,2242
5,19,1015.5172413793103,0.25833845138549805,0.052977774292230606,2242
5,20,1018.9655172413793,0.25674450397491455,0.052769735455513,2242
5,21,1022.4137931034483,0.25512656569480896,0.052564945071935654,2242
5,22,1025.8620689655172,0.2536056339740753,0.05236363038420677,2242
5,23,1029.3103448275863,0.2521073818206787,0.05215058848261833,2242
5,24,1032.7586206896551,0.25075477361679077,0.051994580775499344,2242
5,25,1036.2068965517242,0.2495085597038269,0.051875628530979156,2242
5,26,1039.655172413793,0.24845696985721588,0.05178956314921379,2242
5,27,1043.103448275862,0.2473270297050476,0.05167967826128006,2242
5,28,1046.551724137931,0.24633370339870453,0.05162638798356056,2242
5,29,1050.0,0.24541787803173065,0.05155198648571968,2242
5,30,1053.4482758620688,0.2446446418762207,0.05152511969208717,2242
5,31,1056.896551724138,0.24393542110919952,0.0514761358499527,2242
5,32,1060.344827586207,0.24333560466766357,0.05148589238524437,2242
5,33,1063.7931034482758,0.2428334355354309,0.05149677395820618,2242
5,34,1067.2413793103449,0.24252137541770935,0.051531657576560974,2242
5,35,1070.6896551724137,0.24223214387893677,0.05158353969454765,2242
5,36,1074.1379310344828,0.24215690791606903,0.051680587232112885,2242
5,37,1077.5862068965516,0.24207447469234467,0.05175644904375076,2242
5,38,1081.0344827586207,0.24219849705696106,0.051859691739082336,2242
5,39,1084.4827586206898,0.2423291951417923,0.051957882940769196,2242
5,40,1087.9310344827586,0.2425222098827362,0.052091486752033234,2242
5,41,1091.3793103448277,0.2426934540271759,0.05219404399394989,2242
5,42,1094.8275862068965,0.2430940717458725,0.05234229192137718,2242
5,43,1098.2758620689656,0.24359610676765442,0.05253281816840172,2242
5,44,1101.7241379310344,0.24454206228256226,0.05284681171178818,2242
5,45,1105.1724137931035,0.24590449035167694,0.05318322032690048,2242
5,46,1108.6206896551723,0.2482932209968567,0.053810495883226395,2242
5,47,1112.0689655172414,0.2519238293170929,0.054661933332681656,2242
5,48,1115.5172413793102,0.25715142488479614,0.056006498634815216,2242
5,49,1118.9655172413793,0.2633841633796692,0.05770590528845787,2242
5,50,1122.4137931034484,0.2704509496688843,0.05968939885497093,2242
5,51,1125.8620689655172,0.27773380279541016,0.06175938993692398,2242
5,52,1129.3103448275863,0.28471872210502625,0.06372279673814774,2242
5,53,1132.7586206896551,0.2906540036201477,0.06538466364145279,2242
5,54,1136.2068965517242,0.29560062289237976,0.06681433320045471,2242
5,55,1139.655172413793,0.29943031072616577,0.06790853291749954,2242
5,56,1143.103448275862,0.30241888761520386,0.06883948296308517,2242
5,57,1146.551724137931,0.30473411083221436,0.06957624107599258,2242
5,58,1150.0,0.3067183792591095,0.07025184482336044,2242
5,59,1153.4482758620688,0.3083994686603546,0.07082577049732208,2242
5,60,1156.896551724138,0.3100992441177368,0.07142934948205948,2242
5,61,1160.344827586207,0.3116087317466736,0.07196363061666489,2242
5,62,1163.7931034482758,0.31345829367637634,0.07265042513608932,2242
5,63,1167.2413793103449,0.31489530205726624,0.07320950925350189,2242
5,64,1170.6896551724137,0.31612879037857056,0.07370065897703171,2242
5,65,1174.1379310344828,0.31667226552963257,0.07396730035543442,2242
5,66,1177.5862068965516,0.3168592154979706,0.0741315558552742,2242
5,67,1181.0344827586207,0.3164619207382202,0.07406824082136154,2242
5,68,1184.4827586206898,0.31576648354530334,0.07393482327461243,2242
5,69,1187.9310344827586,0.3143707513809204,0.07356530427932739,2242
5,70,1191.3793103448274,0.31277531385421753,0.0731145441532135,2242
5,71,1194.8275862068965,0.3107104003429413,0.07258494198322296,2242
5,72,1198.2758620689656,0.3084813952445984,0.07196468859910965,2242
5,73,1201.7241379310344,0.30600589513778687,0.07130464911460876,2242
5,74,1205.1724137931035,0.30397307872772217,0.07076431810855865,2242
5,75,1208.6206896551723,0.3017776310443878,0.07023142278194427,2242
5,76,1212.0689655172414,0.29989516735076904,0.06980890780687332,2242
5,77,1215.5172413793102,0.2979269027709961,0.06933268904685974,2242
5,78,1218.9655172413793,0.29638487100601196,0.06905237585306168,2242
5,79,1222.4137931034484,0.294840544462204,0.06871630251407623,2242
5,80,1225.8620689655172,0.293601393699646,0.06848343461751938,2242
5,81,1229.310344827586,0.29229333996772766,0.06825202703475952,2242
5,82,1232.7586206896551,0.2912164032459259,0.0680868849158287,2242
5,83,1236.2068965517242,0.29016172885894775,0.06792160868644714,2242
5,84,1239.655172413793,0.2894202470779419,0.0677952766418457,2242
5,85,1243.103448275862,0.2886216342449188,0.06769371032714844,2242
5,86,1246.551724137931,0.28809747099876404,0.0677061378955841,2242
5,87,1250.0,0.2873843312263489,0.06771007925271988,2242
5,88,1253.4482758620688,0.2871258556842804,0.06781306117773056,2242
5,89,1256.896551724138,0.286848247051239,0.06791955232620239,2242
5,90,1260.344827586207,0.286989688873291,0.06816817820072174,2242
5,91,1263.7931034482758,0.28710952401161194,0.06846165657043457,2242
5,92,1267.2413793103449,0.28768470883369446,0.06890588998794556,2242
5,93,1270.6896551724137,0.2885091006755829,0.06939616799354553,2242
5,94,1274.1379310344828,0.2897581458091736,0.06999687850475311,2242
5,95,1277.5862068965516,0.2912196218967438,0.07070504128932953,2242
5,96,1281.0344827586207,0.2931942045688629,0.07161963731050491,2242
5,97,1284.4827586206898,0.2955337464809418,0.07263477891683578,2242
5,98,1287.9310344827586,0.29844632744789124,0.07384409010410309,2242
5,99,1291.3793103448274,0.3017486035823822,0.07526266574859619,2242
5,100,1294.8275862068965,0.30569976568222046,0.07689919322729111,2242
5,101,1298.2758620689656,0.309991717338562,0.07868831604719162,2242
5,102,1301.7241379310344,0.31478965282440186,0.0806688517332077,2242
5,103,1305.1724137931035,0.3201654255390167,0.08285817503929138,2242
5,104,1308.6206896551723,0.32576602697372437,0.08514447510242462,2242
5,105,1312.0689655172414,0.33132845163345337,0.08747764676809311,2242
5,106,1315.5172413793102,0.3369740843772888,0.0898716002702713,2242
5,107,1318.9655172413793,0.342553049325943,0.0921795666217804,2242
5,108,1322.4137931034484,0.3479536175727844,0.094431571662426,2242
5,109,1325.8620689655172,0.3528667688369751,0.09654222428798676,2242
5,110,1329.310344827586,0.3575199544429779,0.09855228662490845,2242
5,111,1332.7586206896551,0.36213067173957825,0.10056691616773605,2242
5,112,1336.2068965517242,0.36696314811706543,0.1026667058467865,2242
5,113,1339.655172413793,0.3716343641281128,0.10492893308401108,2242
5,114,1343.103448275862,0.37702038884162903,0.10766814649105072,2242
5,115,1346.551724137931,0.38308751583099365,0.11094282567501068,2242
5,116,1350.0,0.3909315764904022,0.11518818140029907,2242
5,117,1353.4482758620688,0.4005015194416046,0.12044627964496613,2242
5,118,1356.896551724138,0.4129483997821808,0.12724527716636658,2242
5,119,1360.344827586207,0.4279000461101532,0.135552316904068,2242
5,120,1363.7931034482758,0.44564327597618103,0.14521947503089905,2242
5,121,1367.2413793103449,0.4648979902267456,0.15571770071983337,2242
5,122,1370.6896551724137,0.48543643951416016,0.16671708226203918,2242
5,123,1374.1379310344828,0.5055694580078125,0.17719703912734985,2242
5,124,1377.5862068965516,0.5250934958457947,0.18677166104316711,2242
5,125,1381.0344827586207,0.5427056550979614,0.19490034878253937,2242
5,126,1384.4827586206898,0.5584413409233093,0.20155273377895355,2242
5,127,1387.9310344827586,0.5719737410545349,0.20681364834308624,2242
5,128,1391.3793103448274,0.5836217999458313,0.2108573168516159,2242
5,129,1394.8275862068965,0.5931714177131653,0.21400701999664307,2242
5,130,1398.2758620689656,0.6014966368675232,0.21651244163513184,2242
5,131,1401.7241379310344,0.6083423495292664,0.2185872495174408,2242
5,132,1405.1724137931035,0.6137256622314453,0.22018928825855255,2242
5,133,1408.6206896551723,0.6180220246315002,0.22146113216876984,2242
5,134,1412.0689655172414,0.6214405298233032,0.2225138247013092,2242
5,135,1415.5172413793102,0.6236591935157776,0.2232133448123932,2242
5,136,1418.9655172413793,0.6253639459609985,0.22371330857276917,2242
5,137,1422.4137931034484,0.6261352896690369,0.22400227189064026,2242
5,138,1425.8620689655172,0.6269251704216003,0.22426515817642212,2242
5,139,1429.310344827586,0.6268192529678345,0.22422805428504944,2242
5,140,1432.7586206896551,0.6263271570205688,0.22397536039352417,2242
5,141,1436.2068965517242,0.6252283453941345,0.22335103154182434,2242
5,142,1439.655172413793,0.6236109733581543,0.22250722348690033,2242
5,143,1443.103448275862,0.6208661198616028,0.22122551500797272,2242
5,144,1446.551724137931,0.6176955103874207,0.21979744732379913,2242
5,145,1450.0,0.6137247681617737,0.21806108951568604,2242
5,146,1453.4482758620688,0.6096393465995789,0.21637573838233948,2242
5,147,1456.896551724138,0.6050580739974976,0.21448487043380737,2242
5,148,1460.344827586207,0.6003558039665222,0.21252095699310303,2242
5,149,1463.7931034482758,0.5956246256828308,0.21049101650714874,2242
5,150,1467.2413793103447,0.5907348394393921,0.20841608941555023,2242
5,151,1470.6896551724137,0.5855411887168884,0.20613165199756622,2242
5,152,1474.1379310344828,0.5806688666343689,0.20395337045192719,2242
5,153,1477.5862068965516,0.575615406036377,0.2016683965921402,2242
5,154,1481.0344827586207,0.570559561252594,0.19939547777175903,2242
5,155,1484.4827586206898,0.5653205513954163,0.19712501764297485,2242
5,156,1487.9310344827586,0.560726523399353,0.19503146409988403,2242
5,157,1491.3793103448274,0.5558653473854065,0.19278889894485474,2242
5,158,1494.8275862068965,0.5514389276504517,0.19068804383277893,2242
5,159,1498.2758620689656,0.5470076203346252,0.18853825330734253,2242
5,160,1501.7241379310344,0.5430092215538025,0.18656833469867706,2242
5,161,1505.1724137931033,0.5389286279678345,0.18453262746334076,2242
5,162,1508.6206896551723,0.5352317690849304,0.18256257474422455,2242
5,163,1512.0689655172414,0.5317303538322449,0.1807212233543396,2242
5,164,1515.5172413793102,0.5282699465751648,0.17889022827148438,2242
5,165,1518.9655172413793,0.5245331525802612,0.1770133674144745,2242
5,166,1522.4137931034484,0.5215838551521301,0.17543253302574158,2242
5,167,1525.8620689655172,0.5181036591529846,0.17370998859405518,2242
5,168,1529.310344827586,0.5152522325515747,0.17218920588493347,2242
5,169,1532.7586206896551,0.5121487379074097,0.17059439420700073,2242
5,170,1536.2068965517242,0.5094897150993347,0.16922827064990997,2242
5,171,1539.655172413793,0.5065550804138184,0.1676940768957138,2242
5,172,1543.1034482758619,0.5040802359580994,0.1664213240146637,2242
5,173,1546.5517241379312,0.5014371871948242,0.16503334045410156,2242
5,174,1550.0,0.4988531172275543,0.16375111043453217,2242
5,175,1553.4482758620688,0.49599215388298035,0.16233745217323303,2242
5,176,1556.896551724138,0.49343341588974,0.16111968457698822,2242
5,177,1560.344827586207,0.49027544260025024,0.15975123643875122,2242
5,178,1563.7931034482758,0.48766425251960754,0.15858353674411774,2242
5,179,1567.2413793103447,0.4846976399421692,0.1573447287082672,2242
5,180,1570.6896551724137,0.48186326026916504,0.15609104931354523,2242
5,181,1574.1379310344828,0.4789986312389374,0.1549646258354187,2242
5,182,1577.5862068965516,0.47634923458099365,0.15392166376113892,2242
5,183,1581.0344827586207,0.47340428829193115,0.15268626809120178,2242
5,184,1584.4827586206898,0.47081708908081055,0.15164855122566223,2242
5,185,1587.9310344827586,0.4688764214515686,0.15071767568588257,2242
5,186,1591.3793103448274,0.4661434590816498,0.14964039623737335,2242
5,187,1594.8275862068965,0.4634020924568176,0.14855460822582245,2242
5,188,1598.2758620689656,0.4610998034477234,0.14755015075206757,2242
5,189,1601.7241379310344,0.4589185416698456,0.14661972224712372,2242
5,190,1605.1724137931033,0.45706310868263245,0.14572490751743317,2242
5,191,1608.6206896551723,0.45548662543296814,0.1449664682149887,2242
5,192,1612.0689655172414,0.45398831367492676,0.1441832035779953,2242
5,193,1615.5172413793102,0.4525233209133148,0.14343556761741638,2242
5,194,1618.9655172413793,0.45170095562934875,0.14279964566230774,2242
5,195,1622.4137931034484,0.450736403465271,0.14212772250175476,2242
5,196,1625.8620689655172,0.45037132501602173,0.14156460762023926,2242
5,197,1629.310344827586,0.4500381052494049,0.14110812544822693,2242
5,198,1632.7586206896551,0.45030301809310913,0.14083214104175568,2242
5,199,1636.2068965517242,0.45062294602394104,0.14058727025985718,2242
5,200,1639.655172413793,0.4519489109516144,0.14061294496059418,2242
5,201,1643.1034482758619,0.4538099467754364,0.14073926210403442,2242
5,202,1646.5517241379312,0.4570889174938202,0.14104166626930237,2242
5,203,1650.0,0.46177348494529724,0.141535222530365,2242
